﻿<?xml version="1.0" encoding="utf-8" ?>
<DependencyCheckerConfiguration>
  <title>Training Kit</title>
  <!--<image>.\Resources\customLogo.png</image>-->

  <previews>
    <title>Steps Summary</title>
    <preview name="Check dependencies" description="Check prerequisites for the Training Kit"></preview>
  </previews>

  <tasks>
    <!--<task description="Launch the Visual Studio installer to install the code snippets" scriptName=".\scripts\tasks\installVSCodeSnippets.cmd" displayConsole="true"/>-->
  </tasks>

  <dependencies>

  </dependencies>
  <errorMessages>
    <errorMessage error="OperatingSystemNotSupported">
      <![CDATA[<p><b>The automatic set up can not proceed.</b></br>The lab you are trying to set up has not been tested in your environment, and some features may not work as expected.</br>You can configure your environment manually installing the prerequisites shown in the lab's overview.</p><p><b>Tested Environments: </b>Windows Vista, Windows 7, Windows 2008 and Windows 2008 R2</p><br/>]]>
    </errorMessage>
  </errorMessages>
</DependencyCheckerConfiguration>