﻿<?xml version="1.0" encoding="utf-8"?>
<Ecf xmlns:i="http://www.w3.org/2001/XMLSchema-instance"
         xmlns="http://schemas.datacontract.org/2004/07/ContentFramework.Core.Models">
  <AssetsDirectory>Assets</AssetsDirectory>
  <ExcludeFilePattern>.svn obj bin *.user _ReSharper* *.suo .git</ExcludeFilePattern>
  <CopyrightHeaderTemplate>%ECF%\Resources\Copyright.txt</CopyrightHeaderTemplate>
  <DependencyCheckerPath>%ECF%\Resources\DependencyChecker\DependencyChecker.msi</DependencyCheckerPath>
  <Conversion>
    <XsltDirectory>
      <OfflineTrainingKit>%ECF%\Resources\HtmlConversion\xsl</OfflineTrainingKit>
      <MsdnTrainingCourse>%ECF%\Resources\MsdnConversion\xsl</MsdnTrainingCourse>
    </XsltDirectory>
    <UseTocFile>false</UseTocFile>
  </Conversion>
  <NavigationPages>
    <IncludeFilePattern>*.include.t4 *.include.tt</IncludeFilePattern>
    <CleanupFilePattern>unit.htm</CleanupFilePattern>
    <TemplatesDirectory>
      <OfflineTrainingKit>Resources\NavigationPagesTemplates</OfflineTrainingKit>
      <MsdnTrainingCourse>%ECF%\Resources\MsdnConversion\MsdnTemplates</MsdnTrainingCourse>
    </TemplatesDirectory>
  </NavigationPages>
  <SelfExtract>
    <LicenseFile>%ECF%\Resources\LicenseAgreement.txt</LicenseFile>
    <ImageFile>%ECF%\Resources\vertical.bmp</ImageFile>
    <ExcludesFile>%ECF%\Resources\Exclude.txt</ExcludesFile>
    <ShortcutFile>Default.htm</ShortcutFile>
  </SelfExtract>
  <DependencyCheckerAggregator>
    <OutputDependenciesFile>Assets\Setup\Dependencies.dep</OutputDependenciesFile>
    <UpdateScriptToAbsolutePath>false</UpdateScriptToAbsolutePath>
    <AggregateDeploymentTasks>false</AggregateDeploymentTasks>
    <LabSpecificTasks>
      <Task>Create an alias for the AdventureWorksLT database</Task>
      <Task>Launch the Visual Studio installer to install the code snippets</Task>
    </LabSpecificTasks>
    <ExcludeDependencies>
      <Dependency>Dependency placeholder</Dependency>
    </ExcludeDependencies>
  </DependencyCheckerAggregator>
  <Msdn>
    <AssetsBaseAddress>http://az12722.vo.msecnd.net/</AssetsBaseAddress>
    <BlobsConnectionString>DefaultEndpointsProtocol=http;AccountName=msdncontentprod;AccountKey=6xrHf1tK87yqVtQuzJcvVRYJTXsEGhMqAtpMNrTtZbS+u45DNCA5aVS9TVa6jitJORsNZ8pUSKprkl7EiSVYYQ==</BlobsConnectionString>
    <PublicationServiceEndpoint>http://mtpsrender-ws/contentservices/publicationservice.asmx</PublicationServiceEndpoint>
    <LiveContentServiceEndpoint>http://mtpsrender-ws/contentservices/contentservice.asmx</LiveContentServiceEndpoint>
    <StagedContentServiceEndpoint>http://mtpsrender/contentservices/contentservice.asmx</StagedContentServiceEndpoint>
    <DisableAssetsUpload>false</DisableAssetsUpload>
    <StagedContentUrl>http://msdnstage.redmond.corp.microsoft.com/en-us/{0}</StagedContentUrl>
    <LiveContentUrl>http://msdn.microsoft.com/en-us/{0}</LiveContentUrl>
  </Msdn>
</Ecf>
