﻿<?xml version="1.0" encoding="utf-8" ?>
<Dictionary>
  <Words>
    <Recognized>
      <Word>ecf</Word>
      <Word>eds</Word>
      <Word>tfs</Word>
      <Word>msdn</Word>
      <Word>msdnstage</Word>
      <Word>xps</Word>
      <Word>os</Word>
    </Recognized>
    <Compound>
      <Term CompoundAlternate="SubTree">subtree</Term>
    </Compound>
  </Words>
  <Acronyms>
    <CasingExceptions>
      <Acronym>ECF</Acronym>
      <Acronym>TFS</Acronym>
      <Acronym>MSDN</Acronym>
    </CasingExceptions>
  </Acronyms>
</Dictionary>
